{
  "total_images": 29,
  "groups_created": 11,
  "processing_time": 48,
  "model_type": "siamese",
  "timestamp": "20250804_231856",
  "groups": [
    [
      "C:\\Users\\malik\\Downloads\\test\\Elephant_197\\DSCN7284.jpg",
      "C:\\Users\\malik\\Downloads\\test\\Elephant_009\\DSCN7001.JPG",
      "C:\\Users\\malik\\Downloads\\test\\Elephant_012\\DSCN3778.JPG",
      "C:\\Users\\malik\\Downloads\\test\\Elephant_011\\DSCN7003.JPG"
    ],
    [
      "C:\\Users\\malik\\Downloads\\test\\Elephant_238\\IMG_0430.JPG",
      "C:\\Users\\malik\\Downloads\\test\\Elephant_010\\DSCN6881.JPG"
    ],
    [
      "C:\\Users\\malik\\Downloads\\test\\Elephant_197\\DSCN5011.JPG",
      "C:\\Users\\malik\\Downloads\\test\\Elephant_196\\DSCN7136.jpg",
      "C:\\Users\\malik\\Downloads\\test\\Elephant_239\\IMG_0428.JPG",
      "C:\\Users\\malik\\Downloads\\test\\Elephant_197\\DSCN5010.JPG"
    ],
    [
      "C:\\Users\\malik\\Downloads\\test\\Elephant_197\\DSCN7283.jpg",
      "C:\\Users\\malik\\Downloads\\test\\Elephant_195\\IMG_0415.JPG",
      "C:\\Users\\malik\\Downloads\\test\\Elephant_238\\IMG_0432.JPG"
    ],
    [
      "C:\\Users\\malik\\Downloads\\test\\Elephant_197\\DSCN5012.JPG",
      "C:\\Users\\malik\\Downloads\\test\\Elephant_012\\DSCN3776.JPG",
      "C:\\Users\\malik\\Downloads\\test\\Elephant_012\\DSCN3775.JPG",
      "C:\\Users\\malik\\Downloads\\test\\Elephant_012\\DSCN3781.JPG",
      "C:\\Users\\malik\\Downloads\\test\\Elephant_239\\IMG_0427.JPG"
    ],
    [
      "C:\\Users\\malik\\Downloads\\test\\Elephant_237\\DSCN5117.JPG",
      "C:\\Users\\malik\\Downloads\\test\\Elephant_238\\IMG_0431.JPG"
    ],
    [
      "C:\\Users\\malik\\Downloads\\test\\Elephant_010\\DSCN6882.JPG"
    ],
    [
      "C:\\Users\\malik\\Downloads\\test\\Elephant_012\\DSCN3777.JPG"
    ],
    [
      "C:\\Users\\malik\\Downloads\\test\\Elephant_195\\IMG_0946.JPG"
    ],
    [
      "C:\\Users\\malik\\Downloads\\test\\Elephant_195\\IMG_0947.JPG"
    ],
    [
      "C:\\Users\\malik\\Downloads\\test\\Elephant_197\\DSCN5013.JPG"
    ]
  ]
}